[{"pk": 1, "model": "data.profile", "fields": {"github": "http://github.com/mgerring", "description": "I'm an experienced professional with a broad range of skills in communications, media, and web application development. I am proactive, creative, highly adaptive, a very fast learner, and a relentlessly resourceful problem-solver.", "url": "http://matthewgerring.com", "twitter": "mgerring", "pic": "", "phone": "(415) 335 6054", "user": 1, "address": "2861 Ponderosa Road, Shingle Springs, CA 95682"}}, {"pk": 1, "model": "data.highlights", "fields": {"profile": 1, "description": "As managing editor for the <a href=\"http://spartandaily.com\">Spartan Daily</a>, I led a move from a proprietary CMS to an open source software stack, including conversion of 10 years of archives. I also co-led a complete redesign and unification of user experience and brand identity across print and web properties"}}, {"pk": 2, "model": "data.highlights", "fields": {"profile": 1, "description": "As staff writer and inaugural Multimedia Editor for online production at City College Express, I helped launch a new class to produce the award-winning <a href=\"http://saccityexpress.com\">SacCityExpress.com</a>. I designed and built a new website from scratch, built workflow tools, and trained staff in multimedia production."}}, {"pk": 3, "model": "data.highlights", "fields": {"profile": 1, "description": "At <a href=\"http://emrl.com\">EMRL</a> I implemented version control, standardized our development and deployment practices, and moved from Flash to JavaScript for rich interaction on clients' websites."}}, {"pk": 4, "model": "data.highlights", "fields": {"profile": 1, "description": "I am the lead developer of the popular <a href=\"http://wordpress.org/extend/plugins/wordpress-wiki/stats/\">WordPress Wiki plugin</a>, which has been downloaded over 44,461 times."}}, {"pk": 5, "model": "data.highlights", "fields": {"profile": 1, "description": "I was part of the award-winning team behind <a href=\"http://tenderneeds.appspot.com/#intro\">WeAllNeed</a>, a journalism and mapping project created for the <a href=\"https://web.archive.org/web/20101115085853/http://www.gaffta.org/2010/10/21/the-great-urban-hack-tenderloin/\">Great Urban hack</a> in San Francisco."}}, {"pk": 6, "model": "data.highlights", "fields": {"profile": 1, "description": "As editor of <a href=\"http://streetsheet.org\">Street Sheet</a>, I coordinated a redesign, rebranding and publicity campaign for the paper's 25th anniversary. I co-wrote and coordinated a succesful grant application to fund the campaign, designed a concept and wrote copy for transit advertising to promote the campaign, helped organize and promote a launch event, and succesfully led a committee of stakeholders to define organizational goals and collectively agree on a new logo and design."}}, {"pk": 1, "model": "data.skillset", "fields": {"name": "Front-end Web Development"}}, {"pk": 2, "model": "data.skillset", "fields": {"name": "Server-side Web Development"}}, {"pk": 3, "model": "data.skillset", "fields": {"name": "Multimedia production"}}, {"pk": 4, "model": "data.skillset", "fields": {"name": "Journalism Tradecraft"}}, {"pk": 1, "model": "data.skills", "fields": {"skillset": 1, "name": "CSS3", "start": null, "rating": "5"}}, {"pk": 29, "model": "data.skills", "fields": {"skillset": 1, "name": "LESS", "start": null, "rating": "5"}}, {"pk": 30, "model": "data.skills", "fields": {"skillset": 1, "name": "SASS", "start": null, "rating": "5"}}, {"pk": 3, "model": "data.skills", "fields": {"skillset": 1, "name": "jQuery", "start": null, "rating": "5"}}, {"pk": 6, "model": "data.skills", "fields": {"skillset": 1, "name": "AJAX", "start": null, "rating": "4"}}, {"pk": 2, "model": "data.skills", "fields": {"skillset": 1, "name": "HTML5", "start": null, "rating": "4"}}, {"pk": 5, "model": "data.skills", "fields": {"skillset": 1, "name": "JavaScript", "start": null, "rating": "4"}}, {"pk": 32, "model": "data.skills", "fields": {"skillset": 1, "name": "Underscore.js", "start": null, "rating": "3"}}, {"pk": 21, "model": "data.skills", "fields": {"skillset": 1, "name": "d3.js", "start": "2011-07-01", "rating": "3"}}, {"pk": 31, "model": "data.skills", "fields": {"skillset": 1, "name": "Backbone.js", "start": null, "rating": "2"}}, {"pk": 8, "model": "data.skills", "fields": {"skillset": 2, "name": "WordPress core/themes/plugins", "start": null, "rating": "5"}}, {"pk": 9, "model": "data.skills", "fields": {"skillset": 2, "name": "Django", "start": null, "rating": "4"}}, {"pk": 7, "model": "data.skills", "fields": {"skillset": 2, "name": "PHP", "start": null, "rating": "4"}}, {"pk": 10, "model": "data.skills", "fields": {"skillset": 2, "name": "Python", "start": null, "rating": "4"}}, {"pk": 14, "model": "data.skills", "fields": {"skillset": 2, "name": "git", "start": null, "rating": "4"}}, {"pk": 13, "model": "data.skills", "fields": {"skillset": 2, "name": "MongoDB", "start": null, "rating": "3"}}, {"pk": 11, "model": "data.skills", "fields": {"skillset": 2, "name": "MySQL", "start": null, "rating": "3"}}, {"pk": 12, "model": "data.skills", "fields": {"skillset": 2, "name": "PostgreSQL", "start": null, "rating": "3"}}, {"pk": 28, "model": "data.skills", "fields": {"skillset": 2, "name": "Rails", "start": "2011-01-01", "rating": "3"}}, {"pk": 27, "model": "data.skills", "fields": {"skillset": 2, "name": "Ruby", "start": "2011-01-01", "rating": "3"}}, {"pk": 17, "model": "data.skills", "fields": {"skillset": 3, "name": "iMovie", "start": "2003-01-01", "rating": "5"}}, {"pk": 18, "model": "data.skills", "fields": {"skillset": 3, "name": "Garageband", "start": "2006-01-01", "rating": "4"}}, {"pk": 16, "model": "data.skills", "fields": {"skillset": 3, "name": "InDesign", "start": "2007-01-01", "rating": "4"}}, {"pk": 15, "model": "data.skills", "fields": {"skillset": 3, "name": "Photoshop", "start": "2002-01-01", "rating": "4"}}, {"pk": 19, "model": "data.skills", "fields": {"skillset": 3, "name": "Audacity", "start": "2009-01-01", "rating": "3"}}, {"pk": 20, "model": "data.skills", "fields": {"skillset": 3, "name": "Final Cut", "start": "2005-01-01", "rating": "3"}}, {"pk": 26, "model": "data.skills", "fields": {"skillset": 4, "name": "Research", "start": null, "rating": "5"}}, {"pk": 23, "model": "data.skills", "fields": {"skillset": 4, "name": "Writing for publication", "start": null, "rating": "5"}}, {"pk": 22, "model": "data.skills", "fields": {"skillset": 4, "name": "AP style", "start": null, "rating": "4"}}, {"pk": 24, "model": "data.skills", "fields": {"skillset": 4, "name": "Interviews", "start": null, "rating": "4"}}, {"pk": 25, "model": "data.skills", "fields": {"skillset": 4, "name": "Copyediting", "start": null, "rating": "3"}}, {"pk": 12, "model": "data.job", "fields": {"end": null, "description": "Editor of the Street Sheet, a bi-weekly publication with a circulation of 17,000 per edition. The Street Sheet is a publication of the Coalition on Homelessness, which aims to end homelessness in San Francisco while protecting the rights of those who are forced to live on the streets.\r\n\r\nResponsibilities include assigning, writing and editing stories; assembling layout of the newspaper; soliciting contributions from writers, artists, and photographers; organinzing writing and photography workshops for homeless clients; creating collaborations with other organizations serving homeless and poor people; managing the social media accounts of the Street Sheet.", "url": "http://streetsheet.org", "company": "Coalition on Homelessness", "type_of_job": "p", "current": true, "start": "2013-12-15"}}, {"pk": 11, "model": "data.job", "fields": {"end": "2013-07-26", "description": "Incrementally retrofit Couchsurfing's Rails application with responsive design features. Built new features. Built front-end tools and abstracted design patterns for use by back-end engineers.", "url": "http://couchsurfing.org", "company": "Couchsurfing", "type_of_job": "p", "current": false, "start": "2013-02-27"}}, {"pk": 10, "model": "data.job", "fields": {"end": "2013-02-26", "description": "Maintained and improved web properties for GAFFTA's initiatives. Designed and built new properties. Architected server infrastructure and improved development, deployment, and version control practices to increase performance and efficiency. Automated processes and reduced external vendors (e.g. moving from three payment processors and two CRM tools to one each) with new software.", "url": "http://gaffta.org", "company": "Gray Area Foundation For The Arts", "type_of_job": "p", "current": false, "start": "2012-07-05"}}, {"pk": 9, "model": "data.job", "fields": {"end": "2011-08-15", "description": "2011 Summer internship. Added features to existing applications, using Sunlight Foundation APIs, Django, and front-end programming. Created interface for an internal tool using new HTML5 techniques and JavaScript libraries. Gave a talk and tutorial on my work to the organization.", "url": "http://sunlightfoundation.com", "company": "Sunlight Foundation", "type_of_job": "p", "current": false, "start": "2011-06-13"}}, {"pk": 1, "model": "data.job", "fields": {"end": "2010-08-15", "description": "Developed marketing websites for clients using WordPress. Communicated directly with clients to define requirements and create custom software. Implemented performance improvements for existing client sites. Increased workflow efficiency by implementing version control and standardizing development and deployment practices.", "url": "http://emrl.com", "company": "EMRL", "type_of_job": "p", "current": false, "start": "2008-12-01"}}, {"pk": 2, "model": "data.job", "fields": {"end": "2009-03-01", "description": "Created and maintained print catalogs under multiple brand names using Adobe InDesign, streamlined process to take advantage of new InDesign tools, and created templates to increase workflow efficiency.", "url": "http://www.mahaneyhardware.com/", "company": "John Mahaney Company", "type_of_job": "p", "current": false, "start": "2008-07-01"}}, {"pk": 5, "model": "data.job", "fields": {"end": null, "description": "Created easy-to-use websites for non-technical small business owners, increased their business' web visibility and provided new sales channels. Provided training in content creation and SEO. Maintained and adjusted sites over time to increase conversion rate.", "url": "", "company": "Freelance web developer", "type_of_job": "p", "current": true, "start": "2007-09-01"}}, {"pk": 6, "model": "data.job", "fields": {"end": "2012-05-25", "description": "Edited and assigned stories. Managed team of 12 reporters. Assisted re-design and re-branding of print and web products. Designed and built new website. Architected server infrastructure. Managed story placement and news priority decisions. Reported, researched, and wrote stories. Produced and programmed multimedia and data visualization features.", "url": "http://spartandaily.com", "company": "Spartan Daily", "type_of_job": "v", "current": false, "start": "2011-01-20"}}, {"pk": 7, "model": "data.job", "fields": {"end": "2010-06-01", "description": "Reported, researched and wrote stories. Helped launch course in Online Production. Introduced multimedia storytelling techniques to staff and produced first multimedia stories. Designed and built new version of main website. Built web-based workflow tools for staff, improving efficiency and reducing production time.", "url": "http://saccityexpress.com", "company": "Sac City Express/SacCityExpress.com", "type_of_job": "v", "current": false, "start": "2009-09-01"}}, {"pk": 8, "model": "data.job", "fields": {"end": "2007-06-01", "description": "Brainstormed story ideas, wrote front-page stories, copy-edited pages, and designed pages in Quark Express.", "url": "http://www.americanrivercurrent.com/", "company": "American River Current", "type_of_job": "v", "current": false, "start": "2007-01-01"}}, {"pk": 1, "model": "data.education", "fields": {"school": "San Jose State University", "school_url": "http://sjsu.edu", "degree": "Bachelors of Science", "location": "San Jose, CA", "date": "2013-05-31", "in_progress": false, "subject": "Journalism"}}, {"pk": 2, "model": "data.education", "fields": {"school": "Sacramento City College", "school_url": "http://scc.losrios.edu", "degree": "Associate of Arts", "location": "Sacramento, CA", "date": "2010-06-01", "in_progress": false, "subject": "Social Science"}}, {"pk": 1, "model": "data.resumeversion", "fields": {"profile": 1, "updated": "2014-12-30T02:34:32.305Z", "jobs": [12, 11, 10, 9, 1, 2, 5, 6, 7, 8], "source_link": "http://github.com/beatpanda/resumator", "employer": "GAFFTA", "skillset": [1, 2, 3, 4], "highlights": [1, 2, 3, 5, 6], "education": [1, 2], "slug": "npr"}}, {"pk": 2, "model": "data.resumeversion", "fields": {"profile": 1, "updated": "2013-01-02T09:50:17.224Z", "jobs": [10, 9, 1, 2, 5], "source_link": "http://github.com/mgerring/resumator", "employer": "CouchSurfing", "skillset": [1, 2], "highlights": [1, 2, 3, 4, 5], "education": [1, 2], "slug": "cs"}}]